date,site,category,title,url,publish_time,content
20260906,electrek,新能源,"SANY delivered 200 electric haul trucks, 600 EV wheel loaders – LAST MONTH",https://electrek.co/2026/09/06/sany-delivered-200-electric-haul-trucks-600-ev-wheel-loaders-last-month/,2026-09-06 22:07:12,
20260906,electrek,新能源,"Survey Sunday: will Cybercab transform mobility, or be just another car?",https://electrek.co/2026/09/06/survey-sunday-will-cybercab-transform-mobility-or-be-just-another-car/,2026-09-06 20:46:40,
20260906,electrek,新能源,The story of SONDORS’ new mystery e-bike just got even weirder with just two words,https://electrek.co/2026/09/06/the-story-of-sondors-new-mystery-e-bike-just-got-even-weirder-with-just-two-words/,2026-09-06 10:35:41,
20260906,scitechdaily,综合科技,Your Mother’s Age May Leave a Biological Mark That Lasts for Generations,https://scitechdaily.com/your-mothers-age-may-leave-a-biological-mark-that-lasts-for-generations/,2026-09-06 22:56:50,
20260906,scitechdaily,综合科技,Women Who Ate More Antioxidants Had Strikingly Lower Rates of Cervical Cancer,https://scitechdaily.com/women-who-ate-more-antioxidants-had-strikingly-lower-rates-of-cervical-cancer/,2026-09-06 19:31:34,
20260906,scitechdaily,综合科技,A Hidden Hormone Disorder May Be Driving Millions of High Blood Pressure Cases,https://scitechdaily.com/a-hidden-hormone-disorder-may-be-driving-millions-of-high-blood-pressure-cases/,2026-09-06 18:16:56,
20260906,scitechdaily,综合科技,This Self-Rebuilding Electrode Could Supercharge Green Hydrogen Production,https://scitechdaily.com/this-self-rebuilding-electrode-could-supercharge-green-hydrogen-production/,2026-09-06 15:56:32,
20260906,scitechdaily,综合科技,These Light-Powered Robots Can Keep Jumping Forever,https://scitechdaily.com/these-light-powered-robots-can-keep-jumping-forever/,2026-09-06 14:41:39,
20260906,scitechdaily,综合科技,"Ancient Human Teeth Uncover a Genetic Connection Hidden for 400,000 Years",https://scitechdaily.com/ancient-human-teeth-uncover-a-genetic-connection-hidden-for-400000-years/,2026-09-06 12:02:43,
20260906,scitechdaily,综合科技,DNA Solves a 166-Year-Old Mystery From the Doomed Franklin Expedition,https://scitechdaily.com/dna-solves-a-166-year-old-mystery-from-the-doomed-franklin-expedition/,2026-09-06 10:47:45,
20260906,scitechdaily,综合科技,Researchers Discover a Gut Microbe Metabolite That Supercharges Cancer Immunotherapy,https://scitechdaily.com/researchers-discover-a-gut-microbe-metabolite-that-supercharges-cancer-immunotherapy/,2026-09-06 02:33:17,
20260906,scitechdaily,综合科技,How Often You Exercise May Matter More Than How Hard You Work Out for Mental Health,https://scitechdaily.com/how-often-you-exercise-may-matter-more-than-how-hard-you-work-out-for-mental-health/,2026-09-06 01:18:25,
20260906,interesting_engineering,综合科技,US boosts its on-orbit threat inspection capability with new successful demonstration,https://interestingengineering.com/space/us-boosts-on-orbit-threat-inspection,2026-09-06 18:55:19,
20260906,interesting_engineering,综合科技,Hyundai targets 2.7 million metric tons of steel production with US plant launch,https://interestingengineering.com/innovation/hyundai-launches-5-8b-steel-mill,2026-09-06 17:31:19,
20260906,interesting_engineering,综合科技,"China puts missile-armed jets to operate over contested area, move could intimidate Philippines",https://interestingengineering.com/military/china-puts-missile-armed-trainer-jets-to-work-over-scarborough-shoal,2026-09-06 16:27:25,
20260906,interesting_engineering,综合科技,"First-of-its-kind US magnet recycling plant soon to be built, target high-purity rare earths",https://interestingengineering.com/energy/first-of-its-kind-us-magnet-recycling-plant-soon-to-be-built-target-high-purity-rare-earths,2026-09-06 14:48:17,
20260906,interesting_engineering,综合科技,"MIT researchers admit neutrino lasers are impossible inventions, here’s why",https://interestingengineering.com/science/nature-blocks-a-neutrino-laser,2026-09-06 14:06:28,
20260906,interesting_engineering,综合科技,The world’s 7 deadliest floods and the devastation they caused,https://interestingengineering.com/culture/worlds-deadliest-floods-top-7,2026-09-06 13:59:49,
20260906,interesting_engineering,综合科技,"Pratt and Whitney to expand military aircraft engine plant, invests $25 million",https://interestingengineering.com/military/pratt-whitney-expand-military-aircraft-engine-plant,2026-09-06 13:43:38,
20260906,cnnpn_domestic,核电国内,中国与俄罗斯推进田湾、徐大堡核电站建设合作,https://www.cnnpn.cn/article/64453.html,,
20260906,cnnpn_domestic,核电国内,中国与乌兹别克斯坦深化核安全监管培训合作,https://www.cnnpn.cn/article/64414.html,,
20260906,cnnpn_domestic,核电国内,第七届核电运营双城交流会在深圳大亚湾召开,https://www.cnnpn.cn/article/64466.html,,
20260906,cnnpn_domestic,核电国内,徐大堡核电厂2号机组主管道焊接控制点释放,https://www.cnnpn.cn/article/64417.html,,
20260906,cnnpn_domestic,核电国内,台湾拟将小型模块化反应堆和核聚变纳入新能源探索,https://www.cnnpn.cn/article/63447.html,,
20260906,cnnpn_domestic,核电国内,中俄能源合作委员会会议讨论核能等领域合作,https://www.cnnpn.cn/article/64409.html,,
20260906,cnnpn_domestic,核电国内,宁德核电二期5号机组常规岛汽机基础台板浇筑完成,https://www.cnnpn.cn/article/64403.html,,
20260906,cnnpn_domestic,核电国内,上海张江高新区“十五五”规划将可控核聚变列入未来产业新赛道,https://www.cnnpn.cn/article/61444.html,,
20260906,cnnpn_domestic,核电国内,秦山三期重水堆全堆芯压力管更换配套项目环评获批,https://www.cnnpn.cn/article/61903.html,,
20260906,cnnpn_domestic,核电国内,核电厂人员状态智能监测与调适系统首次在“华龙一号”核电厂应用验证,https://www.cnnpn.cn/article/64399.html,,
20260906,cnnpn_domestic,核电国内,中国核电“知了”智能体平台正式发布,https://www.cnnpn.cn/article/64389.html,,
20260906,cnnpn_domestic,核电国内,海南儋州推进“核电入洋”“核汽入洋”支撑零碳园区建设,https://www.cnnpn.cn/article/64366.html,,
20260906,cnnpn_domestic,核电国内,中国BEST项目七套TF线圈盒完成交付,https://www.cnnpn.cn/article/64489.html,,
20260906,cnnpn_domestic,核电国内,台山核电投用冷源专用潜水机器人提升取水运维安全,https://www.cnnpn.cn/article/64499.html,,
20260906,cnnpn_domestic,核电国内,昌江核电3号机组接受87%额定热功率控制点前核安全检查,https://www.cnnpn.cn/article/64553.html,,
20260906,cnnpn_international,核电国外,美国Kairos Power完成ETU 3硬件演示第一阶段,https://www.cnnpn.cn/article/64481.html,,
20260906,cnnpn_international,核电国外,韩国民间团体反对韩光核电站厂址内建设乏燃料贮存设施,https://www.cnnpn.cn/article/64422.html,,
20260906,cnnpn_international,核电国外,韩国总统将访法推进核能合作磋商,https://www.cnnpn.cn/article/64445.html,,
20260906,cnnpn_international,核电国外,俄罗斯核电运营公司在楚科奇推进比利比诺核电站退役准备,https://www.cnnpn.cn/article/64472.html,,
20260906,cnnpn_international,核电国外,韩国昌原国立大学与波兰弗罗茨瓦夫理工大学合作培养核电制造人才,https://www.cnnpn.cn/article/64449.html,,
20260906,cnnpn_international,核电国外,日本常陆大宫市议会听取高放废物处置场文献调查说明,https://www.cnnpn.cn/article/64430.html,,
20260906,cnnpn_international,核电国外,美国纳米核能与Enveniam拟推进微型反应堆及核燃料循环合作,https://www.cnnpn.cn/article/64438.html,,
20260906,cnnpn_international,核电国外,德国BEST与Luvata合作扩大聚变用RRP超导体供应,https://www.cnnpn.cn/article/64434.html,,
20260906,cnnpn_international,核电国外,第八届俄中能源商务论坛召开 普京称在华俄设核电项目即将完工,https://www.cnnpn.cn/article/64426.html,,
20260906,cnnpn_international,核电国外,日本高滨核电站将运输1600桶低放射性废物,https://www.cnnpn.cn/article/64377.html,,
20260906,cnnpn_international,核电国外,韩国开发高温超导线材三维非接触检测系统,https://www.cnnpn.cn/article/64541.html,,
20260906,cnnpn_international,核电国外,孟加拉国路布尔核电站一号机组并网计划再度推迟,https://www.cnnpn.cn/article/64533.html,,
20260906,cnnpn_international,核电国外,土耳其继续就新建核电站与多国谈判,https://www.cnnpn.cn/article/64529.html,,
20260906,cnnpn_international,核电国外,俄罗斯设计师提出小型核潜艇混合动力方案,https://www.cnnpn.cn/article/64537.html,,
20260906,cnnpn_international,核电国外,土耳其阿库尤核电站一号机组计划2026年底发电,https://www.cnnpn.cn/article/64525.html,,
20260906,sciencenet,综合科技,顶点算子代数与共形块理论研究获新进展,https://news.sciencenet.cn/htmlnews/2026/9/570994.shtm,2026-09-06 00:00:00,
20260906,sciencenet,综合科技,研究揭示氮输入对植物挥发性排放的非线性影响,https://news.sciencenet.cn/htmlnews/2026/9/570993.shtm,2026-09-06 00:00:00,
20260906,sciencenet,综合科技,锰氧化物演化及矿物多样性形成机制获揭示,https://news.sciencenet.cn/htmlnews/2026/9/570980.shtm,2026-09-06 00:00:00,
20260906,sciencenet,综合科技,全球首例！猪肾移植男子9个月无需透析,https://news.sciencenet.cn/htmlnews/2026/9/570974.shtm,2026-09-06 00:00:00,
20260906,sciencenet,综合科技,这些虎鲸是在向人类复仇，还是只是想玩耍？,https://news.sciencenet.cn/htmlnews/2026/9/570973.shtm,2026-09-06 00:00:00,
20260906,sciencenet,综合科技,2026年度搞笑诺贝尔奖出炉,https://news.sciencenet.cn/htmlnews/2026/9/570972.shtm,2026-09-06 00:00:00,
20260906,sciencenet,综合科技,海水“淘铀”迎来关键材料突破,https://news.sciencenet.cn/htmlnews/2026/9/570970.shtm,2026-09-06 00:00:00,
20260906,china_nengyuan,新能源,大机公司阿拉善源网荷储一体化项目风机,http://www.china-nengyuan.com/news/255161.html,,
20260906,china_nengyuan,新能源,许昌智造助力哈萨克斯坦大型光储项目建,http://www.china-nengyuan.com/news/255160.html,,
20260906,china_nengyuan,新能源,汕尾市人大常委会副主任、市总工会主席,http://www.china-nengyuan.com/news/255154.html,,
20260906,china_nengyuan,新能源,安徽省光储办携省储能联盟调研浸没式新,http://www.china-nengyuan.com/news/255153.html,,
20260906,china_nengyuan,新能源,义马市市长赵麒走访调研储能项目建设情,http://www.china-nengyuan.com/news/255150.html,,
20260906,china_nengyuan,新能源,中和院调研中集安瑞科湛江绿色甲醇项目,http://www.china-nengyuan.com/news/255139.html,,
20260906,china_nengyuan,新能源,西班牙瓦伦西亚政府再向BP与Iberdrola,http://www.china-nengyuan.com/news/255136.html,,
20260906,china_nengyuan,新能源,英国氢能战略更新仍未定发布日期，政策,http://www.china-nengyuan.com/news/255135.html,,
20260906,china_nengyuan,新能源,Aukera完成由EIG领投的4.6亿欧元结构化,http://www.china-nengyuan.com/news/255124.html,,
20260906,china_nengyuan,新能源,日本首个蓝氢氨项目进入关键运营阶段,http://www.china-nengyuan.com/news/255113.html,,
20260906,china_nengyuan,新能源,BUUU Group Limited签署最终协议收购Br,http://www.china-nengyuan.com/news/255029.html,,
20260906,china_nengyuan,新能源,培育能源转型新动能 打造绿色燃料新蓝海--《中国绿色燃料发展报,http://www.china-nengyuan.com/news/253194.html,,
20260906,china_nengyuan,新能源,中共中央办公厅 国务院办公厅关于,http://www.china-nengyuan.com/news/246734.html,,
20260906,china_nengyuan,新能源,我国绿证全生命周期管理机制进一步,http://www.china-nengyuan.com/news/240778.html,,
20260906,china_nengyuan,新能源,工信部等五部门组织征集智能光伏典,http://www.china-nengyuan.com/news/239636.html,,
20260906,china_nengyuan,新能源,储能'反内卷'启动！融科储能领衔19,http://www.china-nengyuan.com/news/239583.html,,
20260906,china_nengyuan,新能源,重磅！国家能源局发布《中国新型储能发展报告（2026）》,http://www.china-nengyuan.com/news/252903.html,,
20260906,china_nengyuan,新能源,中国领衔！2030年绿色经济年产值将,http://www.china-nengyuan.com/news/238728.html,,
20260906,china_nengyuan,新能源,促进压缩空气储能、二氧化碳储能、,http://www.china-nengyuan.com/news/237881.html,,
20260906,china_nengyuan,新能源,国家能源局关于促进新能源集成融合,http://www.china-nengyuan.com/news/237163.html,,
20260906,china_nengyuan,新能源,国家发展改革委 国家能源局关于促,http://www.china-nengyuan.com/news/236981.html,,
20260906,china_nengyuan,新能源,IRENA：可再生能源创下了有史以来最快增长速度，总容量已接近一,http://www.china-nengyuan.com/news/252800.html,,
20260906,china_nengyuan,新能源,碳达峰碳中和的中国行动,http://www.china-nengyuan.com/news/236913.html,,
20260906,china_nengyuan,新能源,129家！工信部正式公布符合《光伏,http://www.china-nengyuan.com/news/236303.html,,
20260906,china_nengyuan,新能源,《节能降碳中央预算内投资专项管理,http://www.china-nengyuan.com/news/235277.html,,
20260906,china_nengyuan,新能源,商务部：决定对稀土相关技术实施出,http://www.china-nengyuan.com/news/234848.html,,
20260906,china_nengyuan,新能源,阳光电源有望率先实现SST 800V,http://www.china-nengyuan.com/news/254776.html,,
20260906,china_nengyuan,新能源,4亿增资扩产，思源电气布局AID,http://www.china-nengyuan.com/news/254857.html,,
20260906,china_nengyuan,新能源,光伏装机超越煤电，中国能源格,http://www.china-nengyuan.com/news/254791.html,,
20260906,china_nengyuan,新能源,宁德时代AIDC钠电储能正式落地,http://www.china-nengyuan.com/news/255093.html,,
20260906,china_nengyuan,新能源,江苏上市公司协鑫能科'北上'，,http://www.china-nengyuan.com/news/254988.html,,
20260906,china_nengyuan,新能源,一把'万能钥匙'，让秸秆再利用,http://www.china-nengyuan.com/news/254994.html,,
20260906,china_nengyuan,新能源,欣旺达AIDC储能增长提速30倍,http://www.china-nengyuan.com/news/254777.html,,
20260906,china_nengyuan,新能源,全球生物质能源网改版公告,http://www.china-nengyuan.com/news/230690.html,,
20260906,china_nengyuan,新能源,全球首部液流电池百科全书—《中国液,http://www.china-nengyuan.com/news/210064.html,,
20260906,china_nengyuan,新能源,【重要】《中国氢能产业大全 2023-冬,http://www.china-nengyuan.com/news/192299.html,,
20260906,china_nengyuan,新能源,《氢能产业大全 2020》正式发布！,http://www.china-nengyuan.com/news/160270.html,,
20260906,china_nengyuan,新能源,中交天津港研院刘爱民带队赴中交一公院开展压,http://www.china-nengyuan.com/news/255152.html,,
20260906,china_nengyuan,新能源,晟德基建公司主要负责人到宽城独立储能项目督,http://www.china-nengyuan.com/news/255151.html,,
20260906,china_nengyuan,新能源,中国电气装备储能公司与清华大学航天航空学院,http://www.china-nengyuan.com/news/255149.html,,
20260906,china_nengyuan,新能源,皖能聚合能源公司联合中储国能共建压缩空气储,http://www.china-nengyuan.com/news/255148.html,,
20260906,china_nengyuan,新能源,葫芦岛电力设备有限公司助力乌兹别克斯坦储能,http://www.china-nengyuan.com/news/255147.html,,
20260906,china_nengyuan,新能源,昆工科技携手上海谷灵能源落地浦东首个屋顶PV,http://www.china-nengyuan.com/news/255146.html,,
20260906,china_nengyuan,新能源,乐歌股份原创公益歌曲《小候鸟》MV正式发布,http://www.china-nengyuan.com/news/255145.html,,
20260906,china_nengyuan,新能源,鼓楼区华大街道调研福建竹纤材料科技有限公司,http://www.china-nengyuan.com/news/255142.html,,
20260906,china_nengyuan,新能源,益阳中燃赴中燃生物质能源科技（宜春）有限公,http://www.china-nengyuan.com/news/255140.html,,
20260906,china_nengyuan,新能源,Uniper推进德国威廉港260万吨氨制氢进口终端,http://www.china-nengyuan.com/news/255134.html,,
20260906,china_nengyuan,新能源,中国西部首个DEKRA德凯检测中心正式投用,http://www.china-nengyuan.com/news/255128.html,,
20260906,china_nengyuan,新能源,中勘北斗数字集团与大华股份签署战略合作协议,http://www.china-nengyuan.com/news/255126.html,,
20260906,china_nengyuan,新能源,Quantinuum与Aramco签署不具约束力的谅解备忘,http://www.china-nengyuan.com/news/255125.html,,
20260906,china_nengyuan,新能源,启程波兰！晶澳大篷车开赴欧洲 八周十国直送,http://www.china-nengyuan.com/news/255123.html,,
20260906,china_nengyuan,新能源,AI机架密度的真正限制：电力、冷却与故障,http://www.china-nengyuan.com/news/254766.html,,
20260906,china_nengyuan,新能源,2035年达34GW，伍德麦肯兹上调拉丁美洲储,http://www.china-nengyuan.com/news/254698.html,,
20260906,china_nengyuan,新能源,1035万吨！英国木颗粒消费量2026年预计将,http://www.china-nengyuan.com/news/254689.html,,
20260906,china_nengyuan,新能源,大负荷灵活性能否缓解数据中心的能源担忧,http://www.china-nengyuan.com/news/254679.html,,
20260906,china_nengyuan,新能源,BNEF：澳大利亚电池储能收益为何大幅下降,http://www.china-nengyuan.com/news/254362.html,,
20260906,china_nengyuan,新能源,深入：北美工业颗粒所面临的挑战，以及可,http://www.china-nengyuan.com/news/254117.html,,
20260906,china_nengyuan,新能源,AI如何帮助生物质颗粒厂提高性能、效率和,http://www.china-nengyuan.com/news/254045.html,,
20260906,china_nengyuan,新能源,同比增长94.8%！2026年上半年储能电芯出,http://www.china-nengyuan.com/news/254029.html,,
20260906,china_nengyuan,新能源,深入：极端温度对光伏系统和电池储能意味,http://www.china-nengyuan.com/news/253950.html,,
20260906,china_nengyuan,新能源,每年猛增70%！美国储能装机直奔105GW，逆,http://www.china-nengyuan.com/news/253854.html,,
20260906,china_nengyuan,新能源,对于热电池而言，持续输送比峰值温度更重,http://www.china-nengyuan.com/news/253791.html,,
20260906,china_nengyuan,新能源,长时储能技术多元突围：铁铬、锌溴液流电,http://www.china-nengyuan.com/news/253781.html,,
20260906,china_nengyuan,新能源,热储能（TES）如何使可再生能源蒸汽在经,http://www.china-nengyuan.com/news/253615.html,,
20260906,china_nengyuan,新能源,电力瓶颈将数据中心推向传统枢纽之外,http://www.china-nengyuan.com/news/253522.html,,
20260906,china_nengyuan,新能源,超越备用电源：如何理解UPS和BESS在大型,http://www.china-nengyuan.com/news/253267.html,,
20260906,china_nengyuan,新能源,数据中心何时应采用'分阶段通电'策略？,http://www.china-nengyuan.com/news/253174.html,,
20260906,china_nengyuan,新能源,研报：2035年燃气轮机市场将达到552亿美,http://www.china-nengyuan.com/news/253072.html,,
20260906,china_nengyuan,新能源,中国工程院院士钱锋：让退役储能锂电池变身'资,http://www.china-nengyuan.com/news/243852.html,,
20260906,china_nengyuan,新能源,赵文彬：深耕电网十余载，打造全国标杆校园微,http://www.china-nengyuan.com/news/253851.html,,
20260906,china_nengyuan,新能源,变的是'战场'，不变的是担当--记青海格尔木南,http://www.china-nengyuan.com/news/251900.html,,
20260906,china_nengyuan,新能源,材料科学家陈立泉：在能源电池赛道一生长跑,http://www.china-nengyuan.com/news/251398.html,,
20260906,china_nengyuan,新能源,汪忠海：深耕氢能轨道交通大有可为,http://www.china-nengyuan.com/news/250687.html,,
20260906,china_nengyuan,新能源,中国工程院院士、华东理工大学教授涂善东：',http://www.china-nengyuan.com/news/249545.html,,
20260906,china_nengyuan,新能源,秦海岩：以政策打开市场空间，以市场打破技术,http://www.china-nengyuan.com/news/247451.html,,
20260906,china_nengyuan,新能源,海博思创张剑辉：算电协同正成为储能应用重要,http://www.china-nengyuan.com/news/247091.html,,
20260906,china_nengyuan,新能源,潘文鼎｜发力电池新赛道 闯出储能新未来,http://www.china-nengyuan.com/news/246497.html,,
20260906,china_nengyuan,新能源,五矿证券研究所新能源首席分析师张斯恺：储能,http://www.china-nengyuan.com/news/246114.html,,
20260906,china_nengyuan,新能源,阳光电源光储集团中国区副总裁李金虎：交付不,http://www.china-nengyuan.com/news/246037.html,,
20260906,china_nengyuan,新能源,中国绿发投资集团有限公司北京绿发科技分公司,http://www.china-nengyuan.com/news/246036.html,,
20260906,china_nengyuan,新能源,海博思创副总裁湛晓林：'储能+X'驱动多场景能,http://www.china-nengyuan.com/news/246035.html,,
20260906,china_nengyuan,新能源,远景能源储能产品总工程师徐中华：让储能从',http://www.china-nengyuan.com/news/246034.html,,
20260906,china_nengyuan,新能源,中储国能（北京）技术有限公司市场总监郭少峰,http://www.china-nengyuan.com/news/246024.html,,
20260906,china_nengyuan,新能源,七部门：攻关高效、长时、大容量新型储能等技术,http://www.china-nengyuan.com/news/255083.html,,
20260906,china_nengyuan,新能源,绿氢纳入外贸体系，北京十五五规划探索可持续,http://www.china-nengyuan.com/news/255009.html,,
20260906,china_nengyuan,新能源,制‑储‑运‑用全链发力！常州十五五布局盐穴储,http://www.china-nengyuan.com/news/255006.html,,
20260906,china_nengyuan,新能源,江苏常州：加快推进液流电池等多元技术路线的,http://www.china-nengyuan.com/news/255004.html,,
20260906,china_nengyuan,新能源,目标千亿产业！湖北氢能行动方案（征求意见稿,http://www.china-nengyuan.com/news/254867.html,,
20260906,china_nengyuan,新能源,上海十五五产业规划：绿氢、绿氨、绿醇成为氢,http://www.china-nengyuan.com/news/254379.html,,
20260906,china_nengyuan,新能源,布局长时储能多元赛道 上海印发 '十五五' 新,http://www.china-nengyuan.com/news/254365.html,,
20260906,china_nengyuan,新能源,布局甲醇加注体系，大兴安岭公开征求甲醇汽车,http://www.china-nengyuan.com/news/254309.html,,
20260906,china_nengyuan,新能源,打造零碳运输通道，重庆规划推动氢燃料电池商,http://www.china-nengyuan.com/news/254242.html,,
20260906,china_nengyuan,新能源,利好绿氢产业！广东绿电直连政策向绿色氢氨醇,http://www.china-nengyuan.com/news/254214.html,,
20260906,china_nengyuan,新能源,重庆巴南发布 '十五五' 综合交通规划，布局加,http://www.china-nengyuan.com/news/254039.html,,
20260906,china_nengyuan,新能源,九部门印发县域消费意见，新能源汽车下乡迎来,http://www.china-nengyuan.com/news/253991.html,,
20260906,china_nengyuan,新能源,赋能绿氢规模化发展 十五五油气规划推动油气‑,http://www.china-nengyuan.com/news/253965.html,,
20260906,china_nengyuan,新能源,涉及氢能安全储运！工信部、应急管理部发布《,http://www.china-nengyuan.com/news/253796.html,,
20260906,china_nengyuan,新能源,光伏行业首个CMMM四级组件工厂花落隆基,http://www.china-nengyuan.com/news/255032.html,,
20260906,china_nengyuan,新能源,雁宝能源光伏电站累计供电超3亿千瓦时,http://www.china-nengyuan.com/news/255121.html,,
20260906,china_nengyuan,新能源,5年再增约10亿风光装机容量意味着什么,http://www.china-nengyuan.com/news/255120.html,,
20260906,china_nengyuan,新能源,一年省25万的太阳能停车场，被英国突然叫停？,http://www.china-nengyuan.com/news/255119.html,,
20260906,china_nengyuan,新能源,澳大利亚博主看中国｜中国光伏为何发展这么快？,http://www.china-nengyuan.com/news/255118.html,,
20260906,china_nengyuan,新能源,加州通过法案 插电式太阳能系统安装将更简单、成本,http://www.china-nengyuan.com/news/255023.html,,
20260906,china_nengyuan,新能源,嫩江市分布式光伏发电项目在经济开发区签约落地,http://www.china-nengyuan.com/news/254993.html,,
20260906,china_nengyuan,新能源,中节能太阳能首个'电化学+飞轮'混合储能项目在宁夏,http://www.china-nengyuan.com/news/254973.html,,
20260906,china_nengyuan,新能源,光伏超越煤电只是新起点,http://www.china-nengyuan.com/news/254955.html,,
20260906,china_nengyuan,新能源,绿氢DRI炼钢报告：国内矿路线2032年后成本优势显著,http://www.china-nengyuan.com/news/255129.html,,
20260906,china_nengyuan,新能源,增速156.4%！这个赛道实现爆发式增长,http://www.china-nengyuan.com/news/255112.html,,
20260906,china_nengyuan,新能源,燕山石化8月燃料电池氢出厂量创新高,http://www.china-nengyuan.com/news/255111.html,,
20260906,china_nengyuan,新能源,零碳院区！福州大学附属省立医院氨氢绿电项目入选国,http://www.china-nengyuan.com/news/255110.html,,
20260906,china_nengyuan,新能源,西安城投集团：优化能源结构 加快推进清洁供热,http://www.china-nengyuan.com/news/255080.html,,
20260906,china_nengyuan,新能源,总投资约6亿！广州两个'绿色蒸汽'集中供热项目动工,http://www.china-nengyuan.com/news/255079.html,,
20260906,china_nengyuan,新能源,零陵高新区生物质集中供热项目圆满完工顺利通过竣工,http://www.china-nengyuan.com/news/255077.html,,
20260906,china_nengyuan,新能源,燃煤改生物质颗粒锅炉！红旗经营所实现供暖环保节能,http://www.china-nengyuan.com/news/255076.html,,
20260906,china_nengyuan,新能源,万源市石窝镇：田间秸秆'变废为宝'，集体经济'点草,http://www.china-nengyuan.com/news/255068.html,,
20260906,china_nengyuan,新能源,氢器时代6台1250Nm³/h碱性电解槽发运，国内首个,http://www.china-nengyuan.com/news/255106.html,,
20260906,china_nengyuan,新能源,深圳华天启科技公司投资建设的新能源汽车及储能领域,http://www.china-nengyuan.com/news/255064.html,,
20260906,china_nengyuan,新能源,山东省氢能源新材料产业计量测试中心正式获批成立,http://www.china-nengyuan.com/news/254944.html,,
20260906,china_nengyuan,新能源,钒钛新材料中试平台项目主体完工--国家钒钛高新区再,http://www.china-nengyuan.com/news/254925.html,,
20260906,china_nengyuan,新能源,中科华辰临沂梦牌新材料3MW分布式光伏项目正式开工,http://www.china-nengyuan.com/news/254908.html,,
20260906,china_nengyuan,新能源,喜报｜人社入企送奖，江西杜科新材料有限公司再获佳,http://www.china-nengyuan.com/news/254693.html,,
20260906,china_nengyuan,新能源,喜报｜实力出圈！益大精密橡胶斩获省级创新创业大赛,http://www.china-nengyuan.com/news/254532.html,,
20260906,china_nengyuan,新能源,搭载'全球最佳传动系统'，明阳天启MCD5.0兆瓦超,http://www.china-nengyuan.com/news/254344.html,,
20260906,china_nengyuan,新能源,Nordseecluster A海上风电项目半数风机已就位,http://www.china-nengyuan.com/news/254964.html,,
20260906,china_nengyuan,新能源,总投资16亿元！乌拉特前旗45万千瓦风电项目开建,http://www.china-nengyuan.com/news/254963.html,,
20260906,china_nengyuan,新能源,甘肃能源监管办现场督导定点帮扶通渭县风电项目,http://www.china-nengyuan.com/news/254962.html,,
20260906,china_nengyuan,新能源,内蒙古能源集团225万千瓦风电项目集中开工,http://www.china-nengyuan.com/news/254961.html,,
20260906,china_nengyuan,新能源,南方风电入沪！远景依托云霄直流完成跨电网经营区月,http://www.china-nengyuan.com/news/254829.html,,
20260906,china_nengyuan,新能源,十年追风献绿电 福建云霄风电赋能能源新城建设,http://www.china-nengyuan.com/news/254828.html,,
20260906,china_nengyuan,新能源,吹响'冲锋号'！内蒙古能源额济纳25万千瓦风电项目开,http://www.china-nengyuan.com/news/254827.html,,
20260906,china_nengyuan,新能源,大型风力发电项目风电混塔管片首件在静海顺利启运,http://www.china-nengyuan.com/news/254826.html,,
20260906,china_nengyuan,新能源,渗透率24.1%！全球新能源汽车分化明显，中国品牌海,http://www.china-nengyuan.com/news/254960.html,,
20260906,china_nengyuan,新能源,福特汽车为Fathom电动皮卡设定投产第一年销量突破10,http://www.china-nengyuan.com/news/254959.html,,
20260906,china_nengyuan,新能源,跃居全球第一！中国新能源汽车正在实力'圈粉',http://www.china-nengyuan.com/news/254820.html,,
20260906,china_nengyuan,新能源,通用汽车战略转向：放弃磷酸铁锂，富锂锰基将成为下,http://www.china-nengyuan.com/news/254744.html,,
20260906,china_nengyuan,新能源,日媒：丰田将在中国生产下一代电动汽车,http://www.china-nengyuan.com/news/254727.html,,
20260906,china_nengyuan,新能源,四部门联合规范新能源汽车产业竞争秩序,http://www.china-nengyuan.com/news/254726.html,,
20260906,china_nengyuan,新能源,智汽园（西区）揭牌开工 武汉‑汉川携手壮大车谷产业,http://www.china-nengyuan.com/news/254636.html,,
20260906,china_nengyuan,新能源,年省高速费25万/台！40台氢能重卡投运，西南磷矿重,http://www.china-nengyuan.com/news/255109.html,,
20260906,china_nengyuan,新能源,广州石化燃料电池氢累计出厂超2000吨,http://www.china-nengyuan.com/news/255108.html,,
20260906,china_nengyuan,新能源,单月开行34车次！西部陆海新通道氢走廊升级'天天班',http://www.china-nengyuan.com/news/255107.html,,
20260906,china_nengyuan,新能源,江苏加速打造千亿氢能产业集群,http://www.china-nengyuan.com/news/255105.html,,
20260906,china_nengyuan,新能源,国富氢能2000标方电解槽新品下线并启程交付哈密项目,http://www.china-nengyuan.com/news/255101.html,,
20260906,china_nengyuan,新能源,印度的非化石能源装机容量超过300GW,http://www.china-nengyuan.com/news/253764.html,,
20260906,china_nengyuan,新能源,2026上半年印度新增可再生能源装机容,http://www.china-nengyuan.com/news/251728.html,,
20260906,china_nengyuan,新能源,2025年中国的煤炭使用量零增长，太阳,http://www.china-nengyuan.com/news/251085.html,,
20260906,china_nengyuan,新能源,同比猛增41%！中国一季度新增储能装,http://www.china-nengyuan.com/news/249985.html,,
20260906,china_nengyuan,新能源,2025年全球水电达到创纪录的4437TWh,http://www.china-nengyuan.com/news/247093.html,,
20260906,china_nengyuan,新能源,2025年全球风力发电量达到2715TWh，,http://www.china-nengyuan.com/news/246825.html,,
20260906,china_nengyuan,新能源,2025年太阳能发电量在全球范围内首次,http://www.china-nengyuan.com/news/246824.html,,
20260906,china_nengyuan,新能源,中国连续10年引领增长！2025年全球电,http://www.china-nengyuan.com/news/246823.html,,
20260906,china_nengyuan,新能源,2025年全球可再生能源装机达到创纪录,http://www.china-nengyuan.com/news/246166.html,,
20260906,china_nengyuan,新能源,美国储能装机量在2025年达到创纪录的,http://www.china-nengyuan.com/news/245051.html,,
20260906,china_nengyuan,新能源,2025年美国木屑颗粒出口量突破1009万,http://www.china-nengyuan.com/news/243299.html,,
20260906,china_nengyuan,新能源,2025全球氢燃料电池车市场回升，但仅,http://www.china-nengyuan.com/news/242800.html,,
20260906,china_nengyuan,新能源,从过剩转向紧张！2025年储能电芯出货,http://www.china-nengyuan.com/news/242737.html,,
20260906,china_nengyuan,新能源,独立储能成为主导！中国2025年新增66,http://www.china-nengyuan.com/news/242236.html,,
20260906,china_nengyuan,新能源,液冷服务器概念涨1.86%，主力资金净,http://www.china-nengyuan.com/news/231159.html,,
20260906,china_nengyuan,新能源,平安银行：谱写绿色金融大文章 实现,http://www.china-nengyuan.com/news/215889.html,,
20260906,china_nengyuan,新能源,钒钛股份业绩短期承压，静待液流电池,http://www.china-nengyuan.com/news/209132.html,,
20260906,china_nengyuan,新能源,海优新材定增11.36亿元获批 光伏胶膜,http://www.china-nengyuan.com/news/197900.html,,
20260906,china_nengyuan,新能源,阿布扎比全球市场实施可持续金融监管,http://www.china-nengyuan.com/news/197467.html,,
20260906,china_nengyuan,新能源,固态电池技术获重大突破 机构密集调,http://www.china-nengyuan.com/news/197465.html,,
20260906,china_nengyuan,新能源,10只氢能源概念股涨停 板块有望进入,http://www.china-nengyuan.com/news/197122.html,,
20260906,china_nengyuan,新能源,多家上市公司大手笔押注新能源电池及,http://www.china-nengyuan.com/news/196019.html,,
20260906,china_nengyuan,新能源,「氢新科技」小型化高温质子交换膜燃,http://www.china-nengyuan.com/news/195813.html,,
20260906,china_nengyuan,新能源,福氢氢能完成天使轮融资，专注质子交,http://www.china-nengyuan.com/news/195812.html,,
20260906,china_nengyuan,新能源,Irena：德国、荷兰和瑞典光伏电站资,http://www.china-nengyuan.com/news/194943.html,,
20260906,china_nengyuan,新能源,18家公司预报一季度业绩 光伏产业链,http://www.china-nengyuan.com/news/192729.html,,
20260906,china_nengyuan,新能源,2022年光伏行业总产值突破1.4万亿元,http://www.china-nengyuan.com/news/191792.html,,
20260906,china_nengyuan,新能源,氢能源概念表现抢眼 两公司回应相关,http://www.china-nengyuan.com/news/191650.html,,
